title,company,salary,summary
Senior SAP ABAP/ABAP OO Developer,ÖBB-Konzern,55k - 63k €,"In dieser Rolle entwickelst du individuelle SAP-Lösungen in den Modulen MM, PM und RE-FX mit ABAP und ABAP OO, führst technische Analysen durch und optimierst Prozesse sowie bestehende Anwendungen."
Product Owner Data & AI Platform,ÖBB-Konzern,Ab 55k €,"In dieser Rolle agierst du als zentraler Ansprechpartner für Data & AI-Teams, priorisierst Anforderungen, entwickelst die Plattformlösung weiter und optimierst Prozesse für die Produktentwicklung."
Spezialist IT-Governance,ÖBB-Konzern,Ab 54k €,"In deiner Rolle entwickelst du Richtlinien zur IT-Governance, überprüfst deren Umsetzung und sicherst die Einhaltung von Standards, insbesondere im Hinblick auf NIS2 und Business Continuity."
Senior Full Stack Developer .NET & Angular,ADMIRAL Technologies GmbH,Ab 55k €,"In dieser Position entwickelst du Anwendungen und Dienste in einem agilen Team, verfeinerst Angular-Frontend-Apps und implementierst leistungsstarke C#-Backend-Lösungen mit .NET, während du mit SQL- und NoSQL-Datenbanken arbeitest."
IT Support Spezialist,CARE01,,"In dieser Rolle bearbeitest du komplexe technische Support-Tickets, analysierst Probleme und arbeitest eng mit dem Entwicklungsteam zusammen, um technische Lösungen zu finden und Prozesse kontinuierlich zu verbessern."
SAP HR Inhouse Consultant,ÖBB-Konzern,,"In dieser Rolle entwickelst du das SAP HCM System kontinuierlich weiter, übernimmst technische Vorgaben, testest Umsetzungen, schult den Fachbereich und bist 3rd Level Support im HR-Bereich."
Senior IT Projektmanager,ÖBB-Konzern,Ab 54k €,"In dieser Rolle planst und steuerst du umfassende IT-Projekte, leitest ein Team von 5 bis 10 Mitarbeitenden und verantwortest das Budget sowie das Stakeholder-Management, um erfolgreiche Ergebnisse sicherzustellen."
ServiceNow Plattform Owner - Kritische Eisenbahninfrastruktur,ÖBB-Konzern,Ab 54k €,"In dieser Position entwickelst du die Strategie der ServiceNow-Plattform für kritische Bahninfrastruktur, definierst Governance-Richtlinien und leitest Projekte zur Optimierung der Plattform sowie zur Integration relevanter Services."
Senior Java Developer,MANZ Solutions GmbH,Ab 55k €,"In dieser Position entwickelst du Java Applikationen im agilen Team, gestaltest Software-Architekturen mit und arbeitest an der Weiterentwicklung existierender Systeme, wobei du aktiv neue Tools testest."
Senior Software Developer,STIWA Group,53k - 61k €,"In dieser Rolle entwickelst du Softwarelösungen für den Shopfloor, von der Konzeption über die Programmierung bis hin zu Tests. Du arbeitest mit Java und Spring und gestaltest komplexe Software-Architekturen, während du Junior Developer coacht."
AI Engineer,Premedia GmbH,56k - 77k €,"In dieser Rolle entwickelst du intelligente Softwarelösungen, integrierst skalierbare Datenpipelines und verwendest Cloud-Architekturen zur Bereitstellung von robusten KI-Anwendungen mit MLOps-Kultur."
Full Stack Developer Node.js / Angular,ADMIRAL Technologies GmbH,Ab 52k €,"In dieser Rolle entwickelst du produktive Backend-Anwendungen mit Node.js und NestJS sowie Angular-basierte Webanwendungen, optimierst Datenbanklösungen und trägst aktiv zur Softwarearchitektur bei."
Dynamics CRM Developer,ÖBB-Konzern,Ab 55k €,"In dieser Rolle implementierst du Lösungen mit Dynamics 365 CRM, entwickelst und wartest Anwendungen, integrierst Schnittstellen, berätst Consultants und führst 2nd- und 3rd-Level-Support durch."
Leiter Cyber Security Services,ÖBB-Konzern,72k - 80k €,"In dieser verantwortungsvollen Position leitest du die Neugestaltung und Optimierung von Cyber Security Services, betreust ein Team von 35 Mitarbeitenden und bist für alle sicherheitsrelevanten Projekte und Compliance-Fragen zuständig."
Service Owner für akustische Reisendeninformationssysteme,ÖBB-Konzern,Ab 54k €,"In dieser Position entwickelst du die akustischen Informationssysteme für Reisende weiter, gestaltest Schnittstellen, unterstützt interne Projekte und überwachst Prozesse von Ausschreibung bis Testing."
UX/UI Consultant,NETCONOMY,Ab 44k €,"In dieser Position entwickelst du benutzerzentrierte digitale Lösungen aus komplexen Anforderungen, moderierst Workshops und übersetzt Geschäftsanliegen in intuitive Designs mit Tools wie Figma."
Head of IT Engineering,Jobworld KG,Ab 120k €,"In dieser Rolle übernimmst du die technische Leitung aller Sports-Systeme und entwickelst architektonische Standards. Du führst ein Team von 50 Entwicklern, triffst Technologieentscheidungen und arbeitest eng mit dem Produktmanagement zusammen."
Senior Software Engineer,Snapchat,,"In dieser Position entwirfst du Systemsoftware für Embedded-GPU-Architekturen und implementierst optimierte Treiber mit C/C++. Außerdem arbeitest du eng mit dem SoC-Team zusammen, um leistungsstarke Grafiklösungen zu entwickeln."
E-Commerce Specialist,Nespresso Österreich,,"In dieser Rolle verantwortest du die Stabilität und Weiterentwicklung der Website und App, planst Kampagnen und optimierst die Customer Journey durch Testing und Content-Management."
Senior IT Connectivity Engineer,Wienerberger,Ab 46k €,"In dieser Position entwirfst und verwaltest du unsere Netzwerkarchitektur, arbeitest eng mit internen und externen Partnern zusammen und unterstützt Projekte zur Standardisierung und Optimierung von Netzwerklösungen."
Inhouse Data Expert in Business Intelligence and Operational Excellence,UNIQA Insurance Group AG,Ab 50k €,"In diesem Job identifizierst du Digitalisierungspotenziale, entwickelst digitale Lösungen und koordinierst deren Umsetzung, während du Datenqualität sicherstellst und das Team beim Upskilling beratend unterstützt."
Identity & Access Management Expert,REWE Group Österreich,Ab 60k €,"In dieser Rolle unterstützt du interne Kunden bei Supportanfragen, vergibst und administrierst Rollen, dokumentierst Geschäftsprozesse und arbeitest an der neuen Autorisierungsplattform mit."
Senior Software Delivery Engineer,REWE Group Österreich,Ab 70k €,"In diesem Job verantwortest du die Verbesserung einer internen Entwicklerplattform, koordinierst Teams, unterweist Kollegen in der Systemeinrichtung und führst größere Refactorings durch, während du aktiv Risiken reduzierst und technische Fähigkeiten förderst."
Expert Information Security Strategy & Transformation,KPMG Österreich,58k - 70k €,"In dieser Rolle entwickelst du langfristige Sicherheitsstrategien und betreust Transformationsprojekte, während du als Berater für das Management zur aktuellen Bedrohungslage agierst und Recovery-Projekte begleitest."
SAP FI/CO Lead,Capgemini,Ab 80k €,"In dieser Rolle übernimmst du die (Teil-)Projektleitung und leitest ein Team im Bereich SAP-Finance, während du Systemlösungen konzipierst, implementierst und an internationalen Roll-outs mitwirkst."
SAP Project Manager,Capgemini,Ab 85k €,"In dieser Rolle leitest du komplexe SAP Transformationsprojekte im Manufacturing- und Retail-Bereich, steuerst internationale Teams und koordinierst Projektaktivitäten von der Planung bis zum Go-Live."
Senior Architect ServiceNow,Capgemini,Ab 70k €,"In dieser Position entwickelst du maßgeschneiderte ServiceNow-Architekturen, leitest Projekte zur Implementierung der Plattform und berätst Kunden zu optimalen Lösungen, um Geschäftsziele zu erreichen."
Data Engineer,Capgemini,Ab 67k €,"In dieser Rolle entwirfst du Datenarchitekturen mit Snowflake und entwickelst effiziente Pipelines zur Verarbeitung von Echtzeitdaten in Databricks, um Datenmodelle für BI und Data Science zu erstellen."
Business Analyst,Capgemini,Ab 60k €,"In dieser Rolle analysierst du Geschäftsprozesse, identifizierst Optimierungspotenziale, entwickelst High-Level-Lösungsdesigns und begleitest agile Projekte von der Anforderungsanalyse bis zum Go-Live."
SAP Architect,Capgemini,Ab 80k €,"In dieser Rolle übernimmst du die technische Leitung von SAP-Projekten, analysierst Softwareanforderungen, koordinierst Near- und Off-Shore-Teams und unterstützt Kunden bei Transformationsprojekten und Architekturentscheidungen."
Data Architect,solvistas GmbH,44k - 54k €,"In dieser Rolle entwickelst du ETL-/ELT-Prozesse und Datenpipelines, unterstützt bei der Implementierung moderner Datenarchitekturen und gewährleistest die Datenqualität in unterschiedlichen Systemlandschaften."
AI & Data Engineer,solvistas GmbH,44k - 52k €,"In dieser Rolle implementierst du AI-Prozesse und Datenlösungen bei Kunden, wozu das Aufbauen und Automatisieren von ETL-Pipelines sowie die Unterstützung bei Cloud-Deployments gehören. Hauptsächlich arbeitest du mit Python und SQL."
Senior Back End Engineer AI,craftworks GmbH,Ab 44k €,"In dieser Position entwickelst du qualitativ hochwertige Backend-Software und APIs, führst automatisierte Tests durch, arbeitest an komplexen Software-Systemen und bist Teil eines interdisziplinären Teams, das innovative Projekte im Bereich Industrial AI umsetzt."
Technical Analyst,PforCards GmbH,,"In dieser Rolle entwickelst du PowerShell-Skripte und Go-Tools zur Systemautomatisierung, führst umfassende Tests durch und optimierst sowohl Systeme als auch Entwicklungs- und Testprozesse."
Junior Scientist Algorithmenentwicklung für medizinische Software,AIT Austrian Institute of Technology GmbH,Ab 55k €,"In diesem Job entwickelst du Algorithmen zur Analyse biomedizinischer Signale, optimierst Modelle mit Machine-Learning-Frameworks und begleitest sie als zertifizierte Medizinprodukte von der Idee bis zur Implementierung."
Teamleiter Frontend Development,Communi5 Technologies GmbH,,"In dieser Rolle bist du für die Planung, Entwicklung und Dokumentation der Frontend-Architektur verantwortlich, arbeitest eng mit dem Team zusammen und entwickelst skalierbare Lösungen mit React, TypeScript und weiteren Technologien."
Software Architect AI,adesso Austria GmbH,Ab 63k €,Du entwirfst AI-Architekturen von den ersten Gesprächen über funktionale Definitionen bis zur Umsetzung - sowohl On Premise als auch in der Cloud. Du wählst und klassifizierst geeignete Technologien unter ganzheitlicher Betrachtung und setzt Proof of...
Oracle Database Administrator,DBConcepts GmbH,,"In diesem Job konzipierst du Datenbankumgebungen, analysierst und optimierst Oracle-Datenbanken, berätst Kunden und entwickelst Backup-Strategien, während du an abwechslungsreichen Projekten arbeitest."
Teamleiter SAP HCM,Consent Personal- und Unter nehmensberatung,Ab 80k €,"In dieser Position führst du ein Team in der Entwicklung und Wartung von SAP HCM Lösungen und entwickelst aktiv in ABAP, während du die Qualität sicherstellst und Prozesse optimierst."
Senior Fullstack Entwickler,epunkt GmbH,Ab 56k €,"In dieser Rolle entwickelst du maßgeblich an der zentralen Plattform für E-Mobility-Services, arbeitest mit Laravel, PHP und Kubernetes, optimierst CI/CD-Pipelines und baust leistungsfähige Schnittstellen für B2B-Partner."
Mitarbeiter IT-Support,Raiffeisen Leasing GesmbH,Ab 40k €,"In dieser Rolle unterstützt du den First-Level-Support bei komplexen IT-Problemen, arbeitest an der Weiterentwicklung von Ticket-Tools, verwaltest Nutzerrechte und bist aktiv in Infrastrukturprojekte eingebunden."
IT System Engineer - Development & Scripting,TTTech Computertechnik AG,Ab 46k €,"In dieser Rolle entwickelst du automatisierte Lösungen zur IT-Anforderungsbearbeitung, wartest die Infrastruktur für interne Automatisierungen und konfigurierst Schnittstellen zur nahtlosen Integration sämtlicher Komponenten."
Experte künstliche Intelligenz und digitale Innovation,Rheinmetall MAN Military Vehicles Österreich GesmbH,Ab 61k €,"In dieser Rolle entwickelst du eine KI-Strategie, koordinierst KI-Projekte, bereitest Daten auf und analysierst sie, während du an der Konzeptionierung und dem Training von KI-Modellen arbeitest."
Data Scientist,Fronius International GmbH,53k - 68k €,"In dieser Rolle entwickelst du skalierbare Datenplattformen, automatisierst Deployments und implementierst neue Features mit modernen Technologien wie Kubernetes und Python, um innovative digitale Geschäftsmodelle zu unterstützen."
IT-Support-Mitarbeiter,Fronius International GmbH,47k - 68k €,"In dieser Position kümmerst du dich um die Wartung und den Betrieb von KI-Hardware sowie Linux-Servern, verwaltest Kubernetes- und Docker-Umgebungen und optimierst die Infrastruktur für Data Scientists."
IT Project Manager,solvistas GmbH,Ab 54k €,"In dieser Position gestaltest du Softwarelösungen, übernimmst die Verantwortung für Projekte, führst Terminmanagement durch und kümmerst dich um Budgetmonitoring, um langfristige Kundenbeziehungen aufzubauen."
Senior UX/UI Designer,adesso Austria GmbH,Ab 59k €,"Du brennst für die Arbeit in cross-funktionalen Teams, bist führungsstark und kommunikativ, hast einen „Lead by Example“ Arbeitsansatz und fühlst dich in einem schnell wachsenden, internationalen Teamumfeld zu Hause? Dann bist du bei adesso genau..."
IT Project Management,CNS-Solutions & Support GmbH,Ab 63k €,Als Projektmanager bist du für die ganzheitliche Planung und die laufende Steuerungaller Tätigkeiten im Rahmen der dir zugewiesenen Kundenprojekte verantwortlich.  Gemeinsam mit KollegInnen begleitest Du den gesamten Project-Life-Cycle von...
Senior Artificial Intelligence Specialist,adesso Austria GmbH,Ab 63k €,Du berätst unsere Kunden in verschiedenen Branchen bezüglich datengetriebener Lösungen mit einem Fokus auf künstliche Intelligenz. Du beherrschst neue Technologien und navigierst dich durch regulatorische Anforderungen wie die EU-AI-Verordnung oder die...
Teamleiter Datenbank Services,DBConcepts GmbH,,"In dieser Rolle führst du ein Team von bis zu 9 Mitarbeitern, übernimmst die Verantwortung für deren Entwicklung und arbeitest an der Konzeption sowie dem Design von Datenbankprojekten. Aktive Kundenberatung gehört ebenfalls zu deinen Aufgaben."
UX/UI Designer,adesso Austria GmbH,Ab 49k €,"Du entwickelst intuitive Benutzeroberflächen, gestaltest User Journeys und erstellst Prototypen in cross-funktionalen Teams, während du eng mit Kunden zusammenarbeitest."
SAP ABAP Entwickler Schwerpunkt EAM/PM,Membrain,,"In dieser Rolle analysierst du Anforderungen, entwickelst ABAP-Lösungen im SAP-Backend für EAM/PM und begleitest Projekte von der Konzeption bis zur Inbetriebnahme, während du auch das Vertriebsteam im Presales unterstützt."
Lehre als IT-Techniker,Sonnleitner GmbH & Co KG,,"In dieser Lehre bearbeitest du IT-Anfragen und Störungen, analysierst Probleme und findest Lösungen. Du dokumentierst IT-Prozesse, optimierst diese und arbeitest dabei eng im Team, stets mit einem Fokus auf Hard- und Software."
Lehrling IT-Systemtechnik,CANCOM a+d IT Solutions GmbH,,"In dieser Rolle berätst du Kunden in Bezug auf IT-Hardware, Software und Security, planst Netzwerke, konfigurierst Geräte und erstellst Dokumentationen, um die Funktionalität von Systemen sicherzustellen."
Security Engineer,Logsta GmbH,Ab 37k €,"In dieser Position bearbeitest du Sicherheitsereignisse, entwickelst Incident-Response-Playbooks und implementierst Sicherheitslösungen in AWS-Umgebungen unter Verwendung von Terraform und CI/CD-Pipelines."
Architect Operations,Fonds Soziales Wien,71k - 78k €,"In dieser Rolle übernimmst du die Architektur-Verantwortung für ein breites digitales Produktportfolio und entwickelst eine Zielarchitektur gemeinsam mit technischen Teams, fokussiert auf Applikationen und Cloud-Services."
Senior Embedded Linux Developer,viewpointsystem gmbh,Ab 44k €,"In dieser Rolle designst und implementierst du modulare Systemarchitekturen für smarte Brillen, arbeitest an der Integration von Software und Hardware und mentorst ein Entwicklerteam in Best Practices."
Senior Firmware Developer,viewpointsystem gmbh,Ab 44k €,"In dieser Position entwickelst du Firmware für innovative Smart Glasses, arbeitest eng mit internationalen Teams zusammen und kümmerst dich um den gesamten Entwicklungsprozess von Spezifikationen über Tests bis zur Implementation."
Software Developer für Ruby on Rails,Technische Universität Wien,,"In dieser Rolle entwickelst du bestehende Applikationsmodule weiter, implementierst neue Features gemäß agilen Prozessen und entwirfst Software-Lösungen basierend auf Anforderungen sowie UI/UX-Vorgaben."
Senior IT Test Automation Engineer,SCHRACK SECONET AG,Ab 60k €,"In dieser Rolle entwickelst du eigenständig automatisierte Test-Skripte in Python, Java oder C#, integrierst diese in CI/CD-Pipelines und führst API-Tests durch, um eine umfassende Teststrategie aufzubauen."
Applikationsspezialist ERP System,Fonds Soziales Wien,71k - 78k €,"In dieser Position entwickelst du unser ERP-System kontinuierlich weiter, analysierst Geschäftsprozesse und führst Systemanpassungen durch, während du Anwender:innen berätst und bei der Dokumentation unterstützt."
Projekt Manager,solvistas GmbH,54k - 63k €,"In dieser Rolle übersetzt du Kundenbedürfnisse in Anforderungen, entwickelst mit agilen Teams Softwarelösungen und übernimmst Verantwortung als Product Owner, während du auch Projektmanagement und Budgetplanung sicherstellst."
Frontend Developer,solvistas GmbH,54k - 59k €,"In diesem Job entwickelst du moderne Frontends mit Angular, React, Vue.js oder Next.js, gestaltest ansprechende Interfaces basierend auf UX-Prototypen und integrierst REST- oder GraphQL-Schnittstellen."
Senior IT Consultant,adesso Austria GmbH,Ab 63k €,Beratung unserer Kunden bei der Digitalisierung von Prozessen über die gesamte Wertschöpfungskette von Unternehmen Leitung und Begleitung von IT-Projekten hoher Komplexität inkl. Anforderungs- und Stakeholder Management Durchführung von Businessanalysen...
Associate IT Consultant Digital,adesso Austria GmbH,Ab 42k €,Unterstützung bei der Erstellung von Businessanalysen und Lösungskonzepten für Digitalisierungsprojekte Aufnahme von fachlichen Anforderungen in komplexen Umgebungen Schnittstellenfunktion zwischen Fachabteilung und IT Organisation und Unterstützung bei...
IT Application Engineer,fab4minds Informationstechnik GmbH,Ab 42k €,"In dieser Rolle optimierst du Prozesse in fabular basierend auf Kundenanforderungen, automatisierst Workflows und erstellst SQL-Abfragen sowie ETL-Prozesse im Team mit Kollegen und Kundenbetreuern."
Senior Web Developer,Fluidtime,,"In dieser Rolle entwickelst du unsere Web-Clients weiter, planst Migrationen auf moderne Frameworks wie React oder Vue und optimierst bestehende Systeme durch Implementierung neuer Features sowie Performance-Verbesserungen."
Product Owner,adesso Austria GmbH,Ab 56k €,Strategische Beratung unserer Kunden bei der Ausrichtung und Gestaltung ihrer IT Bewertung und Priorisierung fachlicher Anforderungen in komplexen Umgebungen Schnittstellenfunktion zwischen Fachabteilung und IT Planung der Entwicklung sowie die...
Testmanager,adesso Austria GmbH,Ab 63k €,"Leitung von Testteams in Kundenprojekten Erstellung und Wartung von Test-Konzepten, Test-Strategien, Test-Prozessen, Test-Planung und Test-Überwachung Analyse, Dokumentation, Reporting und Verwaltung von Testergebnissen mit diversen Testmanagementtools..."
Software Developer,CNS-Solutions & Support GmbH,Ab 52k €,"In dieser Position entwickelst du neue Softwaremodule und verbesserst bestehende Anwendungen, schreibst sowie überprüfst Code, erstellst technische Dokumentationen und arbeitest unter verschiedenen Betriebssystemen mit typischen Entwicklungstools."
Java Kotlin Developer,deltaconX,Ab 61k €,"With our unified SaaS platform deltaconX, we simplify regulatory compliance, to streamline transaction reporting processes. Since the market launch in 2013, we have been committed to helping businesses meet evolving regulatory demands efficiently.  Our..."
Senior Developer .NET,Fonds Soziales Wien,62k - 70k €,"In dieser Position entwickelst du innovative Softwarelösungen mit .NET 6, C#, Angular sowie SQL, gestaltest moderne Softwarearchitekturen und unterstützt aktiv die Digitalisierung im Fonds Soziales Wien."
SAP Senior Consultant Healthcare,ATSP,,Berater & Projektleiter in einem – Du bist die erste Ansprechperson für unsere Kunden und übernimmst die Leitung neuer Projekte. Prozesse optimieren & Mehrwert schaffen – Mit deiner Expertise gestaltest du effizientere Abläufe und unterstützt unsere...
Oracle Developer,adesso Austria GmbH,,"Analyse von Problemstellungen und Erstellung von technischen Spezifikationen Konzeption, Design und Entwicklung in herausfordernden Softwareprojekten Realisierung anspruchsvoller Applikationen im geschäftskritischen Umfeld"
Full Stack Developer,adesso Austria GmbH,Ab 56k €,"Konzeption und Umsetzung von Softwarelösungen unter Berücksichtigung aktueller Architektur- und Design-Prinzipien Entwicklung von Applikationen auf Basis moderner Technologien Aktiver Wissensaustausch innerhalb eines kompetenten Teams, im gesamten..."
Machine Learning Engineering Manager,Canva Austria GmbH.,Ab 85k €,"In dieser Position koordinierst du plattformübergreifende Projekte im Machine Learning-Bereich, coachst ein Team von Ingenieuren und entwickelst Strategien zur Förderung einer effektiven Forschungsumgebung."
Senior Data Scientist,Canva Austria GmbH.,Ab 80k €,"In dieser Position analysierst du Daten, entwickelst umfassende Dashboards und identifizierst Wachstumspotenziale. Du arbeitest eng mit Produktteams und führst A/B-Tests durch, um datenbasierte Entscheidungen zu fördern."
Research Engineer Evaluations,Canva Austria GmbH.,,"In diesem Job entwickelst du autonome AI-Agenten, die mithilfe multimodaler Modelle die Qualität und menschliche Relevanz von Designmodellen evaluieren und somit den Design-Generationsprozess optimieren."
Senior Frontend Engineer,Canva Austria GmbH.,Ab 80k €,"In diesem Job entwickelst du leistungsstarke Frontend-Lösungen durch Optimierung von Rendering und Interaktionen, arbeitest eng mit Designern zusammen und nutzt WebGL und TypeScript für die Integration von KI-gestützten Bildbearbeitungseffekten."
Data Engineering Consultant,Avanade Österreich,43k - 72k €,"In dieser Stelle konzipierst und implementierst du Data-Platform-Architekturen in Azure, arbeitest an Datenintegrationen und entwickelst Lösungen mit Technologien wie SQL und Python, während du eng mit Kunden zusammenarbeitest."
ERP Solution Architect,Avanade Österreich,,"Du bist verantwortlich für die Implementierung von ERP-Lösungen mit Microsoft Dynamics 365, berätst Kunden zu Technologien und erstellst Design-Dokumente für komplexe Anforderungen in Bereichen wie Finance oder SCM."
Microsoft 365 Modern Workplace Consultant,Avanade Österreich,,"In dieser Rolle entwickelst du innovative Arbeitsplatzlösungen mit Microsoft 365, konfigurierst Office 365 Tenants sowie Device Management und supportest Migrationen in Cloud-Umgebungen."
Infrastructure AV Microsoft 365 Modern Workplace Architect,Avanade Österreich,Ab 61k €,"In diesem Job entwickelst du innovative M365-Lösungen und Architekturen, managst Projekte agil und unterstützt aktiv presales Aktivitäten sowie die Schnittstelle zu Kunden vor Ort."
Security AV Senior Microsoft Identity Consultant / Architect,Avanade Österreich,Ab 61k €,"In dieser Rolle berätst du im Enterprise-Segment, analysierst Microsoft Entra ID- und AD DS-Umgebungen, entwirfst Sicherheitskonzepte, moderierst Workshops und führst Implementierungen von Microsoft-Solutions durch."
Senior Data Engineer,Cloudflight GmbH,Ab 54k €,"In dieser Rolle architekturierst und betreibst du skalierbare Datenplattformen sowie Datenpipelines, arbeitest an ETL/ELT-Prozessen und entwickelst robuste technische Lösungen für Analyse- und ML-Anwendungen."
Software Architect,Cloudflight GmbH,Ab 61k €,"In dieser Rolle führst du ein agiles Scrum-Team, entwickelst innovative Softwarelösungen mit Java/Kotlin und Spring Boot und sorgst für die Einhaltung technischer Qualitätsstandards und Architekturvorgaben."
Internship Software Engineering,Cloudflight GmbH,,"In dieser Position entwickelst du in einem agilen Team Softwarelösungen, arbeitest an spannenden Projekten mit Java, Kotlin, Spring und verbesserten Webtechnologien wie React oder Vue.js und erhältst dabei wertvolles Feedback."
Senior Software Engineer Java/Kotlin,Cloudflight GmbH,Ab 61k €,"In diesem Job entwickelst du nachhaltige Softwarelösungen in Java und Kotlin, arbeitest an Projekten wie Cloud-Detection und Schüler-Teacher-Portalen und unterstützt gleichzeitig weniger erfahrene Kollegen."
Agile Project Manager,Cloudflight GmbH,Ab 54k €,"In dieser Rolle leitest du agile IT-Projekte, arbeitest eng mit Kunden und Scrum-Teams zusammen, bestimmst Requirements und sicherst die Umsetzung termingerecht mit Mehrwert. Du moderierst Entscheidungsprozesse und entwickelst Lösungen für technische Herausforderungen."
Experienced Software Engineer Java / Kotlin,Cloudflight GmbH,Ab 54k €,"In diesem Job entwickelst du nachhaltige Softwarelösungen mit Java, Kotlin und Spring Boot, arbeitest an Projekten wie Machine Learning im Aerospace-Bereich und begleitest weniger erfahrene Kollegen durch aktives Feedback und Wissensaustausch."
Technical Product Architect,CompuGroup Medical (CGM),Ab 60k €,"In diesem Job leitest du technische Projekte, entwickelst skalierbare Lösungen und arbeitest eng mit verschiedenen Teams zusammen, um Produkte effizient zu validieren und technische Konzepte klar zu kommunizieren."
Platform Engineer,Bonrepublic GmbH,Ab 70k €,"In dieser Rolle entwickelst du Plattformdienste mit Python und Django, betreibst AWS-Infrastruktur mit EKS sowie CI/CD-Pipelines und unterstützt die Automatisierung von Workflows zur Steigerung der Effizienz."
IT - Helpdesk Mitarbeiter,ZETA GmbH,Ab 42k €,"In dieser Position bearbeitest du komplexe 2nd-Level-Supportanfragen, wartest Basis-Applikationen und koordinierst externe Dienstleister zur Infrastruktur-Beschaffung. Zudem erstellst und pflegst du technische Dokumentationen."
IT Systemadministrator,BDO Wien GmbH Wirtschaftsprüfungs- und Steuerberatungsgesell...,Ab 45k €,"In dieser Rolle betreust du unternehmensweite IT-Applikationen, bearbeitest Support-Tickets, konfigurierst die IT-Infrastruktur und optimierst die Azure-Umgebung. Zudem leitest du IT-Projekte und pflegst interne Dokumentationen."
Software-Entwickler,SIGMATEK GmbH & Co KG,,In dieser Rolle entwickelst du Regelungsalgorithmen und realisierst die Embedded Software von Konzept bis Release. Du arbeitest an der Wartung bestehender Produkte und setzt innovative Regelungskonzepte in elektrischen Antrieben um.
Senior Database Developer,Post AG,Ab 68k €,"In dieser Rolle optimierst du Datenbankarchitekturen, implementierst Module, analysierst bestehende Prozesse und entwickelst Anwendungen. Zudem nimmst du aktiv an SCRUM-Meetings teil und arbeitest eng mit dem Team zusammen."
Senior Software Developer C#/.NET und MS Azure,Hödlmayr International AG,Ab 49k €,"In diesem Job entwickelst du Backend-Komponenten der unternehmensweiten Data Platform, implementierst APIs und automatisierst Datenbereitstellungsprozesse, während du eng mit verschiedenen Teams zusammenarbeitest."
Product Owner Technical Background,Greentube Internet Entertainment Solutions GmbH,60k - 65k €,"In dieser Rolle koordinierst du die Produktentwicklung und arbeitest an der Optimierung des Backlogs. Du bist verantwortlich für das Stakeholder-Management, die Planung von Releases und die Unterstützung des Entwicklungsteams während des gesamten Zyklus."
Datacenter Systems Engineer,x-tention Informationstechnologie GmbH,49k - 63k €,"In dieser Position entwickelst und implementierst du Virtualisierungslösungen und betreust Datacenter-Architekturen mit Schwerpunkt auf Sicherheit, während du Maßnahmen zur Serviceverfügbarkeit und Compliance umsetzt."
Project Manager mit Fokus auf eHealth,x-tention Informationstechnologie GmbH,49k - 67k €,"In dieser Rolle koordinierst du IT-Anbindungsprojekte im Gesundheitswesen, analysierst Anforderungen, implementierst Lösungen auf einer Low-Code-Plattform und unterstützt bei Proof of Concepts sowie bei der Einbindung neuer Technologietrends."
Senior SAP i.s.h.med Consultant,x-tention Informationstechnologie GmbH,56k - 70k €,"In dieser Position arbeitest du an der Analyse klinischer Prozesse und deren Abbildung in i.s.h.med, erstellst Fachkonzepte und implementierst neue Geschäftsprozesse, während du auch Kunden schulungstechnisch unterstützt."
Senior Entwickler,x-tention Informationstechnologie GmbH,Ab 47k €,"In diesem Job planst und realisierst du innovative Softwarelösungen in einem agilen Team, arbeitest an individuellen Kundenprojekten und sorgst für kontinuierliche Qualitätssicherung."
Security Systems Engineer,x-tention Informationstechnologie GmbH,45k - 59k €,"In dieser Position entwickelst du IT-Sicherheitskonzepte, führst Risikoanalysen durch, implementierst Sicherheitsmaßnahmen und prüfst deren Wirksamkeit, wobei du mit Firewalls, VPNs und Linux arbeitest."
Projektleiter Digitalisierung,x-tention Informationstechnologie GmbH,Ab 42k €,"In dieser Rolle planst und steuerst du Projekte zur Digitalisierung, analysierst Kundenanforderungen, erstellst Softwarespezifikationen und passt Applikationen an, um innovative Technologien zu integrieren."
Service Desk Agent,x-tention Informationstechnologie GmbH,31k - 43k €,"In dieser Rolle bearbeitest du Kundenanfragen und Störungsmeldungen, führst technische Fehleranalysen durch und arbeitest eng mit verschiedenen Supportgruppen zusammen, um Probleme im Hard- und Softwarebereich zu lösen."
Low Code Developer,Quehenberger Logistics,Ab 37k €,"In dieser Position entwickelst du webbasierte Anwendungen mit HTML, JavaScript und SQL, analysierst Prozesse und begleitest Test- sowie Rollout-Phasen, um unsere Systemlösungen zu optimieren."
IT Consultant ERP Software,fab4minds Informationstechnik GmbH,42k - 61k €,"In dieser Position analysierst du bestehende Prozesse und entwickelst digitale Lösungen, übernimmst die Projektumsetzung von Planung bis Implementierung und schulst Kunden bis zum erfolgreichen Go-Live."
KI- und Software-Entwickler,fab4minds Informationstechnik GmbH,Ab 54k €,"In diesem Job entwickelst du ERP- und Business-Anwendungen mit KI-Funktionen, integrierst ML-Modelle in bestehende Architekturen, baust Backend-Services (Java, Node.js, Python) und gestaltest Angular-Frontends."
Professional IT Consultant,adesso Austria GmbH,,"Erstellung von Businessanalysen und Lösungskonzepten für Digitalisierungsprojekte Aufnahme, Bewertung und Priorisierung von fachlichen Anforderungen in komplexen Umgebungen Schnittstellenfunktion zwischen Fachabteilung und IT Organisation und Moderation..."
Data Developer,Fonds Soziales Wien,,"In dieser Rolle analysierst du Datenflüsse, programmierst die Datenaufbereitung für Berichte und implementierst Daten in ein Oracle-Datawarehouse mittels SQL und PL/SQL, während du Business-Intelligence-Berichte in QlikSense erstellst."
Generative AI Software Engineer,Machine Learning Reply GmbH,45k - 70k €,"In dieser Rolle identifizierst du Probleme und entwickelst innovative generative KI-Lösungen, während du mit Kunden und dem technischen Team zusammenarbeitest, um diese in einem agilen Umfeld umzusetzen."
Data Scientist,Machine Learning Reply GmbH,45k - 70k €,"In dieser Position identifizierst du Problemstellungen, entwickelst moderne Algorithmen und optimierst Lösungen in einem agilen Team, während du als Schnittstelle zwischen Technik und Management fungierst."
Test Engineer für Hardware,ZELLNER Personal Lösungen GmbH,,"In dieser Rolle baust du eine Testinfrastruktur für die Verifizierung/Validierung auf und pflegst sie. Du führst Typentests gemäß Normen durch, arbeitest eng mit dem Entwicklungsteam zusammen und betreust Prüfplätze."
Internship Artificial Intelligence in Cyber Defense,AIT Austrian Institute of Technology GmbH,,"In diesem Praktikum beschäftigst du dich intensiv mit Cyberabwehr, entwickelst Lösungen zur Anomalieerkennung und analysierst Logdaten mithilfe von Data Science und künstlicher Intelligenz, um Cyberangriffe zu erkennen."
Internship Software Development Cyber Range Technologies,AIT Austrian Institute of Technology GmbH,,"In dieser Praktikumsstelle arbeitest du an der Entwicklung und dem Betrieb von Cyber Range-Simulationen, mit Aufgaben in Backend-Entwicklung, DevOps und Automatisierung sowie dem Einsatz von Überwachungs- und Analysetools."
Praktikum Full Stack Development Software Defined Networks,AIT Austrian Institute of Technology GmbH,,"In diesem Praktikum entwickelst du SDN-Techniken für Quanten-Schlüsselverteilung, integrierst ein Python-Backend und eine WebUI, und unterstützt internationale Projekte im Bereich Kryptographie und Netzwerktechnologien."
KI und App Entwickler,Stadt Wien  - Wiener Wohnen Kundenservice,Ab 46k €,"In dieser Rolle entwickelst du KI-gestützte Anwendungen, optimierst Geschäftsprozesse und integrierst Machine Learning in bestehende Systeme, während du mobile und Web-Anwendungen wartest und Kundenanforderungen umsetzt."
IT-Support/Helpdesk bzw. IT-Administrator,Koschier IT-Outsourcing,Ab 45k €,"In dieser Position bist du die Schnittstelle zwischen Support und Infrastruktur, wobei du IT-Herausforderungen analysierst, Lösungen dokumentierst und Kundenprojekte in Windows-basierten Hybrid-Rechenzentren umsetzt."
Software-Entwickler mit Schwerpunkt Digital Humanities,Österreichische Nationalbibliothek,,"In dieser Rolle entwickelst du Features für die digitale Edition der Notizbücher von Peter Handke, arbeitest an der Geovisualisierung literarischer Orte und begleitest das Editionsteam technisch."
Infrastructure Engineer,Youniqx Identity AG,Ab 85k €,"In dieser Rolle betreibst und optimierst du automatisierte Infrastrukturen und entwickelst hochverfügbare Produktionssysteme mit Kubernetes, um agile Teams bei CI/CD zu unterstützen, während du Sicherheitsstandards umsetzt."
Customer Data Consultant,NETCONOMY,Ab 55k €,"In dieser Position verwaltest du Kundenprofile und Marketingprozesse, implementierst individuelle Lösungen und berätst Kunden zu Anwendungsfällen. Zudem führst du Workshops und konfigurierst SAP-Tools zur Kundenbindung und Personalisierung."
Senior Data Engineer,NETCONOMY,Ab 54k €,"In dieser Rolle entwickelst du moderne Datenlösungen auf Google Cloud Platform, implementierst effiziente ETL-Prozesse, orchestrierst Workflows und optimierst BigQuery-Abfragen für deine Datenarchitekturen."
Research Engineer Model-Based Systems Engineering,AIT Austrian Institute of Technology GmbH,Ab 60k €,In dieser Position entwickelst du innovative modellbasierte Methoden für die Systementwicklung von Erzeugungs- und Speichersystemen und arbeitest an Forschungsprojekten zur Sektorkopplung.
Internship Next-Generation Cryptography,AIT Austrian Institute of Technology GmbH,,"In dieser Position unterstützt du die Gestaltung, Implementierung und Evaluierung neuester Ansätze in der quanten-k klassischen Kryptografie für sichere Kommunikation und arbeitest an internationalen Projekten."
Web Developer,adesso Austria GmbH,49k - 70k €,"Konzeption von ansprechenden Oberflächen unter Berücksichtigung von User Experience Gesichtspunkten Entwicklung von Web Applikationen auf Basis moderner Technologien Aktiver Wissensaustausch innerhalb eines kompetenten Teams, im gesamten Unternehmen und..."
Java Developer,adesso Austria GmbH,Ab 36k €,"Umsetzung von Software Lösungen unter Berücksichtigung aktueller Architektur- und Design-Prinzipien Entwicklung von Applikationen auf Basis moderner Technologien Aktiver Wissensaustausch innerhalb eines kompetenten Teams, im gesamten Unternehmen und der..."
Senior Data Engineer Databricks,adesso Austria GmbH,Ab 57k €,"Du setzt Data Pipelines, Data Ingest und Data Processing nach Best Practices um und optimierst sie kontinuierlich. Du entwickelst Analytics Plattformen und effiziente CI/CD Pipelines. Du setzt projektbasierte Business-Anforderungen mit den Analytics..."
Junior Research Engineer Simulation von thermischen Anlagen,AIT Austrian Institute of Technology GmbH,Ab 55k €,"In dieser Position arbeitest du an der Simulation und Weiterentwicklung thermischer Technologien, erstellst Modelle mit Simulationssoftware wie COMSOL oder Dymola und koordinierst Forschungsprojekte mit interdisziplinären Teams."
Senior PHP Developer,karriere.at,Ab 63k €,"In diesem Job übernimmst du die technische Verantwortung für die Entwicklung und Optimierung von Plattformen im Job Ad Management, arbeitest mit PHP und modernen Frameworks und begleitest Projekte zur Automatisierung in der KI."
Senior IT Infrastructure Engineer,fab4minds Informationstechnik GmbH,Ab 54k €,"In dieser Rolle betreibst und optimierst du unsere hybride IT-Infrastruktur, implementierst Virtualisierungslösungen und automatisierst Prozesse durch Skripting und CI/CD, während du eng mit Sicherheitsteams zusammenarbeitest."
IT Security Engineer,fab4minds Informationstechnik GmbH,Ab 54k €,"In dieser Rolle entwickelst du Sicherheitsarchitekturen, setzt Sicherheitsrichtlinien um und führst Vulnerability-Checks durch, während du eng mit Entwicklern an sicheren Softwarepraktiken arbeitest."
Senior IT Project Manager,ÖBB-Konzern,55k - 84k €,"In dieser Position planst und steuerst du agile IT-Projekte, optimierst Abläufe und sicherst fristgerechte Softwarelieferungen in einem internationalen Multi-Kanal-Vertriebssystem."
Director Information Security,Transak,,"In dieser Rolle entwickelst du die weltweite Informationssicherheitsstrategie, leitest Sicherheitsoperationen, führst Risikoanalysen durch und setzt Sicherheitsrichtlinien gemäß regulativen Anforderungen um."
Systemadministrator,BEKO Engineering & Informatik GmbH & Co KG,,"In dieser Rolle administrierst du Windows- und Linux-Umgebungen, betreust Datenbanken wie MySQL und PostgreSQL und sicherst die Systemverfügbarkeit bei Störungen. Du arbeitest an technischen Konzepten und unterstützt betriebliche Projekte."
AI Integration Specialist,chatlyn GmbH,,"In dieser Rolle entwickelst du Anwendungen mithilfe von KI-Tools, überarbeitest Softwarearchitekturen für eine optimale KI-Integration und arbeitest eng mit Teams zusammen, um innovative Workflow-Lösungen zu gestalten."
Founding Product Engineer,fonio.ai,70k - 100k €,"In dieser Position entwickelst du eigenständig Features von der Idee bis zum Release in NestJS und React, arbeitest eng mit Kunden zusammen und priorisierst die Weiterentwicklung unserer Voice AI basierend auf direkten Nutzerfeedback."
UI/UX Designer,fonio.ai,45k - 65k €,"In dieser Rolle designst du neue und redesignst bestehende Webseitenelemente in Figma und setzt diese in Webflow um, während du eng mit dem Marketing-Team und den Gründern zusammenarbeitest, um die Online-Präsenz zu optimieren."
Senior Fullstack Engineer,fonio.ai,70k - 100k €,"In dieser Rolle entwickelst du innovative Features in NestJS und React, arbeitest eng mit Kunden für Feedback zusammen und priorisierst deine Aufgaben für maximale Kundennutzen. Deine Expertise in TypeScript und pragmatischem Denken ist gefragt."
Experienced Entrepreneurial Product Lead,Dynatrace GmbH,Ab 90k €,"In dieser Rolle treibst du strategische Initiativen zur Produktvision voran, arbeitest abteilungsübergreifend an komplexen Programmen und balancierst Roadmap-Prioritäten basierend auf Marktbedürfnissen und Stakeholder-Inputs."
Technical Product Manager Platform,Dynatrace GmbH,Ab 70k €,"In diesem Job entwickelst du innovative Produktfähigkeiten für hochperformante, skalierbare Platform-Lösungen. Du bearbeitest Produktstrategien, identifizierst Nutzeranforderungen und leitest Lösungen für endkundenorientierte Herausforderungen."
Senior Product Experience Designer,Dynatrace GmbH,Ab 70k €,"In dieser Rolle gestaltest du die Benutzererfahrung von innovativen Beobachtungsanwendungen, indem du intuitive Visualisierungen und Workflows entwickelst, die komplexe Unternehmensdaten verständlich und handlungsfähig machen."
Design Lead Data Intelligence Capability AI Design Strategy,Dynatrace GmbH,Ab 80k €,"In dieser Rolle entwickelst du skalierbare KI-Modelle für Anomalieerkennung und Prognosen, entwirfst Benutzertools und führst die Strategie für KI-gestützte Erfahrungen über die Plattform hinweg aus."
Fullstack Software Engineer DevOps,Dynatrace GmbH,Ab 55k €,"In dieser Position entwickelst du CI/CD-Plattform-Tools und -Dienste, um die Softwareentwicklung zu optimieren, während du an API-Entwicklung, Skalierung und Problembehebung in cloud-nativen Umgebungen arbeitest."
Principal Product Manager Cloud Integration,Dynatrace GmbH,Ab 90k €,"In dieser Rolle leitest du die strategische Ausrichtung für die Datenintegration aus der Cloud und arbeitest mit Produktmanagern und Ingenieuren zusammen, um reibungslose Integrationen über AWS, Azure und GCP zu entwickeln und Kundenbedürfnisse zu erfüllen."
Senior Product Experience Designer,Dynatrace GmbH,Ab 70k €,"In dieser Rolle entwickelst du innovative, datengestützte Benutzeroberflächen für observierbare Unternehmensanwendungen, gestaltest Benutzererlebnisse und optimierst Workflows zur Effizienz- und Kostenoptimierung."
Principal Product Manager Solution Experience,Dynatrace GmbH,Ab 90k €,"In dieser Rolle entwickelst du intuitive End-to-End-Workflows, implementierst UX-Strategien und optimierst die User Experience durch Datenaggregation und intelligente Automatismen, um Kundenbedürfnisse optimal zu erfüllen."
Platform Engineer mit Kubernetes Fokus,talentbird GmbH,Ab 57k €,"Planung, Aufbau und Betrieb von Kubernetes-Clustern in einer leistungsstarken On-Premise-Umgebung. Automatisierung von Deployments und Optimierung bestehender CI/CD-Pipelines. Unterstützung der Entwicklungsteams durch performante und zuverlässige..."
Mitarbeiter für Software-Support und Software-Tests,Cashpilot Gmbh,,"In dieser Position entwickelst du Teststrategien und führst Software-Tests durch, während du gleichzeitig eingehende Support-Tickets bearbeitest und Kundenanfragen sowohl auf Deutsch als auch auf Englisch dokumentierst."
Senior Softwareentwickler C#,Cashpilot Gmbh,,In dieser Rolle entwickelst du Softwarelösungen in C# und dokumentierst die Ergebnisse. Außerdem unterstützt du die Projektleitung bei der Anforderungsanalyse und bist technischer Ansprechpartner für Kunden.
O&M Data Analyst,Burgenland Energie Ag,Ab 59k €,"In dieser Position entwickelst du datengetriebene Optimierungen für SCADA-Systeme, analysierst Hybrid-Park-Daten zur Störungsbehebung und implementierst Machine Learning-Modelle zur Prozessoptimierung."
Helpdesk Agent,SanData Technology GmbH&Co KG,Ab 43k €,Call-Management für installierte Hardware und Software (auch ressortspezifische Anwendungen und Individualanwendungen). IT-Fehlerbehebung (First Level Support) im End-User-Bereich. Hardware-Installation / -Tausch. Software-Installation (auch...
Power Platform Specialist,BE-terna GmbH,Ab 44k €,"In dieser Rolle entwickelst du kreative digitale Lösungen und maßgeschneiderte Apps mithilfe der Microsoft Power Platform, während du Kunden schulen und beraten wirst. Dabei integrierst du diese Lösungen in ERP-Systeme und entwickelst intelligente Automationen."
Solution Engineer Applications & Interfaces,BE-terna GmbH,Ab 44k €,"In dieser Rolle entwickelst du Erweiterungen der Infor CloudSuite, validierst Softwaredesigns und implementierst Schnittstellen zur Drittanbietersoftware, während du eng mit Produktmanagement und Kunden zusammenarbeitest."
Technical Support Engineer,BE-terna GmbH,,"In dieser Position analysierst du technische Anfragen im Second-Level-Support, entwickelst Lösungen f ür Infor M3, erstellst technische Dokumentationen und führst Codereviews durch."
Director of IT,BE-terna GmbH,,"In dieser Rolle entwickelst du die IT-Organisation, oversee IT-Operationen, sicherst die IT-Sicherheit nach ISO27001 und unterstützt digitale Initiativen, wobei du Verantwortung für Prozesse und Budgets trägst."
Senior Cyber Security Analyst,APG - Austrian Power Grid AG,Ab 65k €,"In dieser Rolle analysierst du komplexe Sicherheitsvorfälle, führst Threat Hunts in Cloud- und On-Prem-Umgebungen durch und entwickelst SIEM-Regeln sowie Sicherheitsautomatisierung zur Verbesserung der Cyberabwehr."
Spezialist für Datenmanagement und Reporting,epunkt GmbH,Ab 49k €,"In dieser Position bearbeitest du Mess- und Abrechnungsdaten zur Sicherstellung korrekter Werte, erstellst Reports, analysierst Daten und arbeitest mit Netzbetreibern und Partnern zur Datenabstimmung zusammen."
IT-Applikationsspezialist – Healthcare,,Ab 55k €,"In dieser Rolle arbeitest du an der Einführung und Anpassung des Krankenhausinformationssystems, koordinierst die Datenmigration, unterstützt Benutzer im 2nd-Level-Support und führst Schulungen durch."
IT-Support Mitarbeiter Kassensysteme,VIVATIS Holding AG,Ab 36k €,"In diesem Job stellen Sie sicher, dass alle kassenbezogenen Prozesse reibungslos ablaufen, betreuen Kassensysteme, optimieren Software- und Hardware-Management und stehen im 1st sowie 2nd Level Support zur Verfügung."
Data Science Analyst,Accenture GmbH,Ab 48k €,"In dieser Rolle identifizierst du Verbesserungspotenziale und entwickelst datengetriebene Anwendungen mit generativer KI, um Kundendaten zu monetarisieren und implementierst analytische Lösungen in realen Umgebungen."
Senior Data & Machine Learning Engineer,Accenture GmbH,Ab 61k €,In dieser Rolle entwickelst du innovative Datenmodelle und implementierst produktive Datenpipelines in Cloud- und On-Premise-Umgebungen zur Unterstützung datengetriebener Geschäftsstrategien für Kunden.
Data Science Senior Consultant,Accenture GmbH,,"In dieser Position entwickelst du innovative Data Science Lösungen, identifizierst Optimierungspotenziale und realisierst datengetriebene Anwendungsfälle gemeinsam mit unseren Kunden und verschiedenen Stakeholdern."
Data & AI Strategy Analyst,Accenture GmbH,Ab 48k €,"In dieser Funktion berätst du Kunden zu Data & AI Strategien, entwickelst datengetriebene Geschäftsmodelle, definierst Governance Strukturen und optimierst Prozesse durch innovative Ansätze zur Wertschöpfung."
Senior Consultant IT-Security,Accenture GmbH,62k - 80k €,"In dieser Position identifizierst du Sicherheitslücken, führst Security Assessments durch und entwickelst Sicherheitsstrategien, um die Cyber-Resilienz unserer Kunden maßgeblich zu erhöhen."
SAP FI/CO & S/4 HANA Consultant,Accenture GmbH,,"In diesem Job entwickelst du innovative Lösungen für SAP FI und CO, implementierst S4/HANA-Module und begleitest Projekte von der Roadmap bis zur Umsetzung in einer flexiblen Arbeitsumgebung."
Netzwerktechniker IT/OT,CETEO GmbH,Ab 70k €,"In dieser Rolle bist du verantwortlich für den Aufbau und Betrieb von OT-Systemen in Windkraft- und Photovoltaikanlagen, fokussierst dich auf Netzwerksicherheit und betreust die Infrastruktur in Niederösterreich und Burgenland."
Test/QA Engineer,efinio AG,Ab 63k €,"Prüfung der Hard- und Softwarelösungen im .NET-Bereich hinsichtlich Funktionalität, Usability und Stabilität. Durchführung von Komponenten-, System- und Integrationstests im Rahmen agiler Scrum-Sprints. Bewertung von Softwarekomponenten sowie Planung..."
Lehre IT-Systemtechnik,Pensionsversicherungsanstalt,,"In diesem Beruf erhältst du umfassende Einblicke in IT-Systeme, planst Netzwerke und Server, erlernst Automatisierungstools und dokumentierst technische Prozesse, während du mit IT-Profis zusammenarbeitest."
IT Mitarbeiter im 1st Level Support,Helvetia Versicherungen AG,Ab 45k €,"In dieser Rolle bearbeitest du User-Anfragen zu IT-Systemen, richtest Notebooks ein, dokumentierst Vorgänge und entwickelst die interne Wissensdatenbank weiter, während du den 2nd Level Support koordinierst."
Embedded Software Engineer,Zühlke Engineering (Austria) GmbH,Ab 55k €,"In dieser Rolle entwickelst du hochwertige Embedded-Software mit C++ und C, arbeitest an Test- und Architekturaufgaben und berücksichtigst dabei agile Methodiken und Kundenbedürfnisse in interdisziplinären Projekten."
Young Professional Data Governance & Data Management,VOLKSBANK WIEN AG,Ab 41k €,"In dieser Rolle analysierst du Daten und identifizierst Auffälligkeiten zur Unterstützung von Entscheidungen. Du entwickelst Fachdatenmodelle, erstellst Reports und stellst die Compliance der AI-Projekte sicher."
Agile Software Engineer,Untis GmbH,,"In dieser Rolle entwickelst du in einem agilen Team skalierbare Web-Anwendungen, erstellst neue Features in Technologien wie Java und Spring, und arbeitest an der Verbesserung der Testabdeckung sowie der Testautomatisierung."
Data Science AI & GenAI Trainer,Raiffeisen Gruppe,Ab 67k €,In dieser Rolle entwickelst du Trainingsmaterialien und führst Workshops zur Anwendung von AI und generativer AI. Du integrierst Datenanalysen in Geschäftsstrategien und visualisierst die Ergebnisse für verschiedene Zielgruppen.
Lead Software Engineer,REWE Group Österreich,Ab 60k €,"In dieser Position übernimmst du die technische Verantwortung für unsere Kerntechnologien, steuerst die Weiterentwicklung, führst Code Reviews durch und entwickelst strategische Lösungen nach höchsten Qualitätsstandards."
Senior SOC Architect,PwC Österreich,Ab 82k €,"In dieser Rolle entwickelst du individuelle Cyber Defense Strategien, implementierst Log-Management und SOC-Architekturen, optimierst Sicherheitsprozesse und unterstützt Kunden bei der Analyse von Cyberangriffen und Sicherheitsvorfällen."
Full-Stack-Entwickler im Bereich Angular und C#/.NET,PwC Österreich,Ab 43k €,"In dieser Position entwickelst du moderne Webanwendungen mit einem C#-Backend und Angular, planst Softwarearchitekturen und setzt kreative Lösungen um, während du aktiv im technischen Konzeptionsprozess mitarbeitest."
HRIS Project Leader,Mondi,,"In dieser Rolle entwickelst du automatisierte Lösungen für HR-Prozesse in SAP SuccessFactors, integrierst Module, verwaltest Schnittstellen und erstellst umfassende Berichte zur Unterstützung der Personalabteilungen."
System Engineering Schwerpunkt Backup,Axians ICT Austria GmbH,Ab 60k €,"In dieser Position kümmerst du dich um die Wartung und Sicherheit der Backup-Infrastruktur, insbesondere mit Commvault, bearbeitest Service Requests und akute Vorfälle und entwickelst Infrastructure-Services für verschiedene Fachbereiche."
Senior Cloud Engineer,Axians ICT Austria GmbH,Ab 56k €,"In dieser Rolle konzipierst du Azure-Infrastrukturen und implementierst Lösungen mit Terraform oder Bicep, während du CI/CD-Pipelines gestaltest und Identity-Strategien berätst, um technische Exzellenz zu erreichen."
Data & AI Project Manager,Axians ICT Austria GmbH,Ab 54k €,"In dieser Position koordinierst du interdisziplinäre Data & AI-Projekte, stehst für die Planung und Umsetzung ein, identifizierst Risiken, kommunizierst mit Stakeholdern und sorgst für die Einhaltung von Standards und Dokumentation."
Product Owner,epunkt GmbH,Ab 56k €,"In dieser Rolle verantwortest du die Entwicklung innovativer Brandmeldesysteme vom Konzept bis zum Release, analysierst Kundenbedürfnisse und koordinierst agile Sprints mit interdisziplinären Teams."
Network Provisioning Engineer,SYNERGIE Personal Austria GmbH,Ab 44k €,"In dieser Rolle unterstützt du die Systemüberwachung und den 1st/2nd Level Support, führst Systemtests sowie Troubleshooting durch und koordinierst Netzwerk-Upgrades und Installationen vor Ort."
System Engineer,CETEO GmbH,Ab 70k €,"In dieser Rolle planst und implementierst du Microsoft Server-Infrastrukturen, betreust Virtualisierungsumgebungen und verwaltest Microsoft 365 sowie Azure-Dienste, während du Migrationen und Disaster-Recovery-Strategien umsetzt."
Senior Design Engineer AutoCAD Plant 3D,Trenkwalder Personaldienste GmbH,60k - 80k €,"In dieser Rolle erstellst du technische Planungsunterlagen mit AutoCAD Plant 3D, führst ein kleines Team, bist Ansprechpartner für Lieferanten und arbeitest eng mit Kunden bei der Umsetzung von Projekten zusammen."
Cloud Software Developer,GASTROdat GmbH,Ab 44k €,"In diesem Job entwickelst du cloudbasierte Hotelsoftware, implementierst neue Funktionen, arbeitest an der Fehlerbehebung, gestaltest Schnittstellen und kooperierst eng mit dem Produktmanagement sowie technischen Projektmanagement."
Software Engineer E-Mobility & Charging Infrastructure,CANCOM a+d IT Solutions GmbH,Ab 60k €,"In dieser Rolle entwickelst du Softwarelösungen für Ladeinfrastruktur, implementierst Kommunikationsprotokolle und optimierst containerisierte Anwendungen auf Edge-Geräten sowohl in der Analyse als auch im Support."
Lehrling IT-Systemtechnik,CANCOM a+d IT Solutions GmbH,,"In dieser Position berätst du Kunden in allen Fragen zu IT-Systemen, planst Netzwerke, konfigurierst Geräte und dokumentierst technische Prozesse, um die Funktionalität von Hardware und Software sicherzustellen."
AI Solution Delivery Engineer,FH Campus Wien,,"In dieser Rolle entwickelst du Strategien für AI-Infrastruktur und MLOps, erstellst Referenz-Workflows, implementierst CI/CD-Prozesse und berätst Partner hinsichtlich verantwortungsbewusster KI und EU-Vorgaben."
Tester,TODAY Experts GmbH,Ab 63k €,"In diesem Job entwickelst du Testkonzepte, führst eigenverantwortlich Tests in der ServiceNow-Plattform durch und arbeitest eng mit deinem Team an der Qualitätssicherung der Lösungen."
"Inhouse IT System Engineer Schwerpunkt Server, Cloud und Virtualisierung",TODAY Experts GmbH,54k - 67k €,In dieser Rolle bist du für den 2nd und 3rd Level Support von Microsoft Servern und Virtualisierungslösungen verantwortlich. Du treibst die Umsetzung von Projekten im Rechenzentrum voran und bearbeitest die technische Dokumentation.
Senior ServiceNow Developer,WienIT,Ab 55k €,"In dieser Rolle entwickelst du komplexe Workflows und User Stories auf der ServiceNow-Plattform, setzt Integrationen um und optimierst die Systemstabilität durch Analyse und Behebung von Bugs sowie Code-Reviews."
Application Specialist,T-Systems Austria GesmbH,Ab 55k €,"In dieser Rolle entwickelst du maßgeschneiderte IT-Lösungen und sorgst für den Betrieb und die Weiterentwicklung von Linux-basierten Anwendungen in Oracle-Umgebungen, während du komplexe Kundenanfragen bearbeitest."
IT Service Owner,SPAR ICS – Information & Communication Services,45k - 60k €,"In dieser Position übernimmst du die End-to-End-Verantwortung für Business- und Infrastrukturservices, entwickelst die Service Roadmap und priorisierst Anforderungen zur Sicherstellung eines stabilen, SLA-konformen Servicebetriebs."
CRM Projektmanager Microsoft Dynamics,SCHRACK SECONET AG,,"In dieser Rolle entwickelst du unser CRM-System weiter, führst eigenständig Projekte und Schulungen durch, arbeitest eng mit deinem Team zusammen und unterstützt User bei Fragen oder Problemen."
Business Analyst - Intranet Platform & Inhouse Apps,REWE Group Österreich,,"In dieser Position bist du für die IT Business Analyse von Intranet-Plattformen und internen Apps verantwortlich, entwirfst User Stories und Akzeptanzkriterien, testest diese und schulst Key User:innen, während du agile Projekte eigenständig umsetzt."
IT Service & Infrastructure Manager,Post AG,Ab 74k €,"In diesem Job betreust du die IT-Infrastruktur für Rechenzentren und Cloudlösungen, realisierst neue Projekte, entwickelst Sicherheitskonzepte und führst effektives Monitoring durch."
Servicedesk Mitarbeiter,ITSV GmbH,Ab 44k €,"In dieser Rolle bearbeitest du den Enduser-Support via Fernwartung, managst Service Requests und Incidents nach ITIL, während du die Kommunikation mit Nutzern pflegst und die IT-Performance über Service Levels sicherstellst."
Software Tester,OpenResearch,,"In dieser Position analysierst du Anforderungen aus Sicht der Tests, erstellst und führst Testpläne sowie manuelle Testfälle aus, dokumentierst Ergebnisse und unterstützt in Abstimmungsprozessen mit der Projektgruppe."
IT-Applikationsbetreuer,CETEO GmbH,Ab 70k €,"In dieser Rolle administrierst du Business-Applikationen, optimierst Prozesse durch Automatisierungen, analysierst Störungen, verantwortest Updates und arbeitest eng mit Fachabteilungen an Datenanalysen und KI-Use Cases."
IT Servicedesk Support Teilzeit,TRANSFER Planconsult Daten- transfer und Anlagenconsulting Gesellschaft m.b.H.,,"In dieser Position nimmst du Anfragen und Störungen entgegen, bearbeitest technische Probleme per Telefon, E-Mail oder Remote und arbeitest dabei nach standardisierten Prozessen mit Unterstützung durch Anleitungen und Coachings."
IT Projektmanager,TRANSFER Planconsult Daten- transfer und Anlagenconsulting Gesellschaft m.b.H.,Ab 53k €,"In dieser Rolle vereinst du die Erhebung von Kund*innenanforderungen und die Planung sowie Steuerung maßgeschneiderter IT-Lösungen, während du als zentrale Ansprechperson alle Anfragen zu Applikationsservices bearbeitest."
Senior IoT/Integration Engineer,Wohnio Gmbh,50k - 65k €,"In dieser Rolle entwickelst du intelligente IoT-Systeme für Heizungszentralen, integrierst bestehende Hardware, konzipierst Lösungen und arbeitest dabei eng mit interdisziplinären Teams zur Optimierung der Kommunikation und Funktionalität."
IT Systemadministrator - Broadcast IT,sowemo gmbH,Ab 53k €,"In dieser Rolle überwachst du die IT-Infrastruktur, verwaltest Windows-Server und arbeitest an Storage- und Backup-Lösungen. Zudem implementierst du Patchmanagement und bietest technischen Support für Broadcast-IT-Systeme an."
System Engineer Netzwerktechnik,MAIT Austria GmbH,,"In diesem Job planst und betreibst du Aruba basierte WLAN/LAN Infrastrukturen und komplexe Datacenter Switching Umgebungen, realisierst Security-Lösungen mit Fortinet und unterstützt im 2nd & 3rd Level Support."
Werkstudent IT Requirements Engineering,BearingPoint GmbH,,"In dieser Position unterstützt du das Team bei Recherchen und administrativen Aufgaben, koordinierst interne Abstimmungen, optimierst Social-Media-Accounts und analysierst Marketingmaßnahmen anhand von KPIs."
IT Project Manager,G4s,Ab 70k €,"In dieser Position leitest du komplexe IT- und Transformationsprojekte, analysierst Anforderungen, konzipierst digitale Lösungen und agierst als zentrale Schnittstelle zwischen Stakeholdern."
Technischer Spezialist E-Commerce 3rd Level-Support,Sonepar Österreich GmbH,Ab 45k €,"In dieser Rolle verantwortest du die technische Weiterentwicklung unserer Omnichannel-Plattform, erstellst Requirements und Spezifikationen und koordinierst Projekte, um das digitale Einkaufserlebnis zu optimieren."
Backend Entwickler PHP/Drupal mit AI-Expertise,Acolono GmbH,Ab 54k €,"In dieser Position entwickelst du PHP-Systeme in einer Linux-Umgebung und integrierst KI-Services, arbeitest an Open-Source-Projekten und berätst Kunden zu technischen Lösungen sowie Best Practices."
Senior Full-Stack Developer,Wüstenrot Gruppe,Ab 65k €,"In dieser Position entwickelst du moderne Web-UIs mit Angular und realisierst skalierbare Microservices sowie RESTful APIs mithilfe von Java und Spring Boot, während du auch CI/CD-Workflows mit Docker und ArgoCD umsetzt."
Business Analyst Digital Banking und AI,Wüstenrot Gruppe,,"In dieser Position analysierst und dokumentierst du Anforderungen für Banking-Produkte und digitale Lösungen, entwickelst User Stories, unterstützt bei Feature-Implementierungen und gestaltest innovative AI-Use Cases im Banking."
Solution Architect,XXXldigital,,"In dieser Rolle entwickelst du Lösungskonzepte, harmonisierst technische und geschäftliche Anforderungen und analysierst komplexe Systemlandschaften zur Integration diverser Anwendungen wie Workday und Payrolllösungen."
SAP Commerce Backend Developer,XXXldigital,,"In dieser Rolle entwickelst du Webanwendungen auf Basis der SAP Commerce Cloud, implementierst Back-End Funktionen, führst Tests durch und unterstützt junior Entwickler beim Coding und Troubleshooting."
Release Train Engineer,UNIQA Insurance Group AG,Ab 70k €,"In dieser Rolle unterstützt du als Servant Leader agile Teams bei der Ausrichtung auf SAFe-Prinzipien, moderierst PI-Planungen und förderst die Zusammenarbeit zur Verbesserung der Systeme und Prozesse."
Power Platform Developer,Raiffeisen Bank International AG,Ab 55k €,"In dieser Rolle entwickelst du maßgeschneiderte Anwendungen mit Microsoft Power Apps und Power Automate, implementierst automatisierte Workflows und integrierst Lösungen in bestehende Unternehmensanwendungen."
Junior System Safety Engineer,FREQUENTIS,,"In dieser Position planst du Safety- und Zuverlässigkeitsprogramme für internationale Kunden, führst Sicherheitsanalysen durch und berätst Entwicklungsabteilungen zur Sicherheitserhöhung, um nationale Zulassungen zu gewährleisten."
Solution Architect Defence,FREQUENTIS,Ab 49k €,"In dieser Rolle koordinierst du die Beantwortung von Ausschreibungen, entwickelst technische Lösungsarchitekturen für Kommunikations- und Informationslösungen und arbeitest eng mit verschiedenen Teams zusammen."
Information Security Manager,ITSV GmbH,Ab 44k €,"In dieser Rolle verbesserst du die Informationssicherheit durch die Umsetzung eines ISMS nach ISO27001, führst Schulungen durch und planst Sicherheitsmaßnahmen sowie GAP-Analysen."
Consultant Power Platform & M365,ITSV GmbH,Ab 44k €,"In dieser Rolle entwickelst du Lösungen auf der Microsoft Power Platform, integrierst Systeme, optimierst Prozesse und evaluierst aktuelle Trends, um innovative Anwendungen zu schaffen und zu betreuen."
SAP Basis Administrator,ITSV GmbH,Ab 44k €,"In dieser Rolle übernimmst du die eigenständige SAP Basis Administration, kümmerst dich um die Installation und Konfiguration der Systeme und analysierst Probleme und Incidents im 2nd Level Support."
Netzwerkarchitekt,ITSV GmbH,Ab 44k €,"In dieser Position entwirfst du Datacenter-Netzwerkarchitekturen, erstellst Standards und dokumentierst Systeme. Du analysierst Fehler und unterstützt mit deinem Fachwissen im 2nd und 3rd Level Support rund um die Netzwerkinfrastruktur."
SAS Expert and Technical Analyst,PwC Österreich,Ab 77k €,"In dieser Position leitet man ein Team von Entwicklern und sorgt für die technische Qualitätssicherung der SAS-Projekte. Sie koordinieren Entwicklungen und liefern Lösungen in SAS und SQL, während Sie eng mit Analytikern und Kunden zusammenarbeiten."
Manager im Bereich SAP Data Analytics,PwC Österreich,Ab 77k €,"In dieser Rolle optimierst du Geschäftsprozesse durch datenbasierte Lösungen, leitest Projekte mit SAP-Technologien und koordinierst funktionsübergreifende Teams, um termingerechte Ergebnisse zu erzielen."
Senior Teamlead Java Development,PwC Österreich,Ab 77k €,"Du leitet das Design und die Entwicklung von skalierbaren Softwarelösungen, bildest ein Team, arbeitest mit Java und React, unterstützt Cloud-Migrationen und setzt Microservices anhand der Projektanforderungen um."
Incident Response/Threat Intelligence Analyst,PwC Österreich,Ab 64k €,"In dieser Position unterstützt du Kunden hands-on bei der Reaktion auf Cybersecurity-Incidents, analysierst Sicherheitsvorfälle und arbeitest an der Verbesserung von Incident Response Prozessen sowie provierst Security Maßnahmen."
Manager Unternehmensberatung SAP Fi/Co,PwC Österreich,Ab 70k €,"In dieser Rolle leitest du Projektteams zur Optimierung und Digitalisierung von Finanz- und Controlling-Prozessen, während du als Berater für internationale Unternehmen die passende SAP FI/CO-Lösung entwickelst und umsetzt."
SAP Senior Projektmanager,Dürenhoff,Ab 80k €,"In diesem Job übernimmst du die fachliche Führung von Projektteams in SAP-Projekten, moderierst Workshops und Regelmeetings und koordinierst Ressourcen, um erfolgreiche Projektumsetzungen sicherzustellen."
IT Projektmanager,Softcom Consulting GmbH,Ab 65k €,"In dieser Rolle übernimmst du die Verantwortung für die Planung, Steuerung und Dokumentation von IT-Projekten im öffentlichen Sektor, einschließlich Budgetkontrolle und Stakeholdermanagement."
Senior Fullstackentwickler,Ratbacher GmbH,Ab 70k €,"In diesem Job entwickelst du moderne Webanwendungen mit JavaScript/TypeScript, designst APIs und optimierst Backend-Funktionalitäten, während du containerisierte Umgebungen mithilfe von CI/CD-Workflows betreust."
Principal Architect,epunkt GmbH,84k - 109k €,"In dieser Rolle definierst du die Produkt- und Softwarearchitektur, entwickelst Architekturvisionen und begleitest Veränderungsprozesse zur Effizienzsteigerung in interdisziplinären Teams."
AI Solution Engineer,epunkt GmbH,56k - 77k €,"Du entwickelst KI-Workflows und integrierst ML-Modelle in Systeme, optimierst bestehende Pipelines und evaluierst neue Technologien, während du eng mit dem Backend-Team zusammenarbeitest."
Senior Software/Systemtester,softwareXperts GmbH,45k - 55k €,"In dieser Position konzipierst du manuelle Tests für Softwareprodukte, führst Hardwaretests durch und überwachst automatisierte Testprozesse zur Qualitätssicherung während der Entwicklung."
Senior Mobile Web Developer,Platogo,Ab 50k €,"In dieser Rolle entwickelst du innovative HTML5-Cross-Plattform-Apps mit TypeScript, React und Cordova, arbeitest eng im Team, verbesserst Entwicklungsstandards und mentorierst andere Entwickler."
Geschäftsbereichsleitung IT und Cybersecurity,Österreichische Staatsdruckerei GmbH (OeSD),Ab 130k €,"In dieser Position führst du ein Team von 30 Mitarbeitern in der IT und Cybersecurity, entwickelst agile Strukturen, setzt strategische Ziele um und sorgst für die reibungslose IT-Betriebsführung und Kundenzufriedenheit."
Innovationsspezialist Data Analytics,BDO Wien GmbH Wirtschaftsprüfungs- und Steuerberatungsgesell...,Ab 42k €,"In dieser Rolle bewertest du systematisch innovative Ideen anhand von Wirtschaftlichkeitsanalysen und begleitest Prozessautomatisierungen. Du planst und steuerst Pilotprojekte und arbeitest eng im Bereich Service Innovation, um BDO zukunftsorientiert zu entwickeln."
Junior Full Stack Software Engineer - Backend Focus,FireStart GmbH,,In diesem Job entwickelst du skalierbare Backend-Services mit Go und gestaltest effiziente gRPC-Services. Du arbeitest mit Kafka und SQL-Datenbanken und implementierst GraphQL-APIs in enger Zusammenarbeit mit Frontend-Entwickler*innen.
Senior Software Developer,Österreichische Nationalbibliothek,Ab 54k €,"In dieser Rolle entwickelst du moderne Java-Backend-Services mit Quarkus, optimierst bestehende APIs und unterstützt Migrationen, während du aktiv an DevOps-Methoden und Technologien arbeitest."
IT Service Owner,Wiener Stadtwerke GmbH,,"In dieser Rolle übernimmst du Verantwortung für den Betrieb und die Weiterentwicklung von Workplace-Applikationen, koordinierst Software-Deployments und implementierst automatisierte Prozesse im Service Management Tool."
Senior Frontend Lead Vue.js,SPAR ICS – Information & Communication Services,Ab 70k €,"In dieser Position übernimmst du die technische Verantwortung für das Frontend-Team, triffst zentrale Technologieentscheidungen und entwickelst intuitive Interfaces, während du komplexe API-Integrationen umsetzt."
Student Job - IT Delivery - Customer Onboarding and Master Data Management,Raiffeisen Bank International AG,,"In dieser Position bist du aktiv an der Entwicklung und dem Betrieb von IT-Systemen beteiligt. Du analysierst Datenbanken, unterstützt agile Projekte und führst Softwaretests durch, wobei du eng im Team zusammenarbeitest."
Presales Solution Designer Cloud Services,A1 Telekom Austria AG,Ab 75k €,In dieser Rolle verantwortest du die Analyse von Kundenanforderungen und die Entwicklung maßgeschneiderter Cloud-Lösungen. Du präsentierst diese überzeugend für technische und geschäftliche Stakeholder und übernimmst die Koordination mit internen und externen Partnern.
System Engineer - Microsoft Endpoint Management Spezialist,Bechtle Österreich,Ab 70k €,"In dieser Position konzipierst du Endpoint Management-Lösungen mit Microsoft Intune, führst Kundenworkshops durch und unterstützt bei Migrationen zu modernen Cloud-Strategien im Bereich IT-Security und Compliance."
AI/ML Engineer - LLM Systems,ANEXIA Internetdienstleistungs GmbH,Ab 54k €,"In dieser Rolle entwickelst du LLMs und agentische Anwendungen, implementierst KI-Lösungen mit modernen Frameworks, optimierst ML-Pipelines und integrierst KI-Funktionen in Produktionssysteme."
Senior Data Engineer,Evolit Consulting GmbH,Ab 5k €,"In dieser Rolle entwickelst du Cloud-basierte Datenplattformen, implementierst ETL/ELT-Pipelines, baust Dashboards und optimierst die Datenqualität in Zusammenarbeit mit Data Scientists und Analyst*innen."
IT Applikationsbetreuer / ERP Spezialist,Evolit Consulting GmbH,35k - 56k €,"In dieser Position verantwortest du die Administration und Anpassung des ERP-Systems, führst Schulungen durch, optimierst Geschäftsprozesse und analysierst Störungen in Zusammenarbeit mit externen Dienstleistern."
Enterprise Data Architect,Evolit Consulting GmbH,Ab 60k €,"In dieser Rolle entwickelst du technische Zielbilder und IT-Strategien, optimierst Prozesse und gestaltest die IT-Datenlandschaft, während du eng mit Fachbereichen und Projekten im Cloud-Umfeld interagierst."
Field Application Engineer,TTTech Computertechnik AG,Ab 45k €,"In dieser Position agierst du als technischer Ansprechpartner, unterstützt Kunden bei der Entwicklung von Anwendungen für mobile Maschinen und führst technische Schulungen sowie Präsentationen durch, um deren Bedürfnisse zu erfüllen."
Principal Software Architect,TTTech Computertechnik AG,Ab 70k €,"In dieser Position definierst du die Architektur eingebetteter Software für Luftfahrt- und Raumfahrtanwendungen, steuerst die Anforderungen und optimierst Verifizierungsstrategien gemäß den geltenden Sicherheitsstandards."
Software Tools Developer,TTTech Computertechnik AG,Ab 58k €,"In dieser Rolle entwickelst du Java- und Python-basierte Softwarelösungen, implementierst Algorithmen für Routing und Netzwerkanalysen und führst Code-Reviews durch, um Qualitätsstandards sicherzustellen."
Team Lead Software Development - Aerospace,TTTech Computertechnik AG,Ab 65k €,"In dieser Position leitest du die Entwicklung von Embedded-Software für Luft- und Raumfahrtprojekte und gewährleistest die Einhaltung von Sicherheitsstandards, während du das Team zu Höchstleistungen anleitest und Ressourcen planst."
Software Developer – Autonomous Operations,TTTech Computertechnik AG,Ab 51k €,"In dieser Rolle entwickelst du embedded Softwareplattformen für autonome Systeme, arbeitest im gesamten Entwicklungszyklus und setzt Sicherheitsstandards um, während du innovative MotionAI-Lösungen gemeinsam mit interdisziplinären Teams realisierst."
Senior Principal Chief Engineer Software Aerospace,TTTech Computertechnik AG,Ab 70k €,"In diesem Job analysierst du Produktlebenszyklen und entscheidest über technische Genehmigungen, während du an komplexen Zertifizierungsprojekten im Luftfahrtbereich arbeitest und Qualität sowie Sicherheitsstandards sicherstellst."
Data Analyst,UNIQA Insurance Group AG,Ab 50k €,"In dieser Rolle erstellen und entwickeln Sie eigenständig Auswertungen sowie statistische Analysen, modellieren Daten und kommunizieren Ihre Ergebnisse visuell und verständlich in Projekten."
Cloud Developer,Stadt Wien,Ab 63k €,"In diesem Job entwickelst du moderne Cloud-Lösungen mit .NET, React und Low-Code-Plattformen, integrierst Containeranwendungen und sorgst für die technische Umsetzung von IT-Anforderungen in Azure-Umgebungen."
Applikationsverantwortliche für SharePoint Online,Stadt Wien,Ab 69k €,"In dieser Rolle stellst du die Serviceerbringung für die Dokumentenmanagement Plattform SharePoint Online sicher, übernimmst Migration und Ablöse von Inhalten und entwickelst DMS-Lösungen sowie Standards im M365 Umfeld."
Applikationsverantwortliche für Alfresco,Stadt Wien,Ab 69k €,"In dieser Rolle bist du verantwortlich für die Programmierung und Weiterentwicklung der Alfresco-Dokumentenmanagementplattform sowie für die Digitalisierung sowie Optimierung von dokumentenbasierenden Geschäftsprozessen, insbesondere im Magistrats- und Gesundheitsbereich."
Agile Coach,BearingPoint GmbH,,"In dieser Position entwickelst du agile Teams durch Coaching, steigerst die Effizienz in Softwareprojekten und moderierst Workshops, während du agile Prozesse für Kunden und interne Stakeholder optimierst."
.NET Entwickler,BearingPoint GmbH,Ab 54k €,"In diesem Job entwickelst du moderne Web- und Cloud-Anwendungen mit .NET, C# und Azure und arbeitest an APIs, Design sowie Deployment, während du agile Methoden und Sicherheitspraktiken umsetzt."
Integration Developer,BearingPoint GmbH,Ab 61k €,"In dieser Rolle entwickelst du Integrationen zwischen Fertigungssystemen und ERP-Systemen auf Azure iPaaS-Basis, konzipierst APIs und bearbeitest Integrationsprojekte in einem agilen Umfeld."
Data Engineer,BearingPoint GmbH,Ab 61k €,"Du entwickelst effiziente Datenlösungen und implementierst moderne Datenarchitekturen. Dabei berätst du Kunden, unterstützt bei regulatorischen Anforderungen und sicherst die Datenqualität auf führenden Plattformen wie Snowflake und Databricks."
Software Engineer New Grad,Sentry (Functional Software GmbH),44k - 60k €,"In dieser Rolle entwickelst du Software in Python, JavaScript oder C++ und verantwortest den gesamten Softwareentwicklungsprozess, einschließlich Design, Test und Betrieb in der Produktion."
Senior Software Engineer,Sentry (Functional Software GmbH),61k - 95k €,"In dieser Rolle entwickelst du hochperformante SDK-Bibliotheken in C und C++ und realisierst Integrationen für Spielkonsolen, während du an der Verbesserung von Software und Tools für hochleistungsfähige Anwendungen arbeitest."
Senior Security Engineer,Sentry (Functional Software GmbH),113k - 124k €,"In dieser Position entwickelst du Sicherheitslösungen für cloudbasierte Anwendungen und Kubernetes-Plattformen, analysierst Bedrohungen und implementierst maßgeschneiderte Sicherheitsarchitekturen für einen optimalen Schutz."
Senior Software Engineer,Sentry (Functional Software GmbH),61k - 95k €,"In dieser Position entwickelst du robuste Ingestion Pipelines und optimierst Echtzeit-Datenflüsse mit Rust und Python, während du komplexe Herausforderungen in verteilten Systemen meisterst und zur Stabilität von Sentry beiträgst."
Software Engineer Intern,Sentry (Functional Software GmbH),,"In diesem Praktikum entwickelst du Softwarelösungen in Python, JavaScript oder Java, arbeitest an realen Projekten in einem Team und erhältst wertvolles Feedback von Mentoren, während du deine Programmierkenntnisse erweitern kannst."
Data Scientist,prospect Unternehmensberatung GmbH,,"In dieser Position analysierst du Arbeitsmarktdaten durch den Aufbau eines Datawarehouses, entwickelst quantitativen Modelle und Dashboards, um datenbasierte Erkenntnisse für Forschungs- und Beratungsprojekte zu generieren."
Technical Owner,Tapkey GmbH,Ab 83k €,"In diesem Job entwickelst du robuste Backend- und Firmware-Lösungen, entwirfst Softwarearchitekturen und überprüfst deren Umsetzung, während du die Zusammenarbeit im Team förderst und an API-Designs arbeitest."
Full-Stack-Developer,efinio AG,Ab 65k €,In dieser Position entwickelst du Machine Learning-Modelle und erstellst Datenpipelines zur Verarbeitung großer Datenmengen. Du implementierst diese Modelle in Softwareprodukte und entwickelst Web-Anwendungen zur Visualisierung der Ergebnisse.
Data Platform Engineer,Oberösterreichische Landesbank AG,70k - 95k €,"In dieser Rolle entwickelst du eine Cloud-Datenplattform und automatisierst Daten-Pipelines, während du auch für Monitoring, Integration von Fachsystemen und die Sicherstellung des Produktionsbetriebs zuständig bist."
Mitarbeiter Hausverwaltung für SAP-Support,BIG - Bundesimmobiliengesellschaft m.b.H.,Ab 45k €,"In dieser Position unterstützt du SAP-Anwender:innen im Hausverwaltungsbereich, bearbeitest spezifische Anfragen und entwickelst gemeinsam mit der IT-Abteilung SAP-Anwenderprogramme weiter."
System Engineer WLAN,CANCOM a+d IT Solutions GmbH,Ab 70k €,"In dieser Rolle planst und implementierst du WLAN-Infrastrukturen mit Cisco und Aruba, administrierst WLAN-Controller und Access Points und unterstützt dein Team mit 3rd Level Expertise bei Troubleshooting und innovativen Lösungen."
ICT Risk Senior Manager,Western Union International Bank GmbH,Ab 80k €,"In dieser Position entwickelst du ein umfassendes Informationssicherheits- und Resilienzframework, überwachst die DORA-konforme Umsetzung und agierst als Schnittstelle zu Regulierungsbehörden sowie internen Stakeholdern."
Senior Mobile Software Engineer,wikifolio Financial Technologies AG,Ab 61k €,"In diesem Job entwickelst du mobile Anwendungen mit React Native, optimierst deren Performance, implementierst Tests und arbeitest eng mit Design- sowie Backend-Teams zusammen, um sichere und skalierbare Lösungen zu schaffen."
Business Architekt,UNIQA Insurance Group AG,Ab 50k €,"In dieser Rolle führst du Auswirkungsanalysen durch, optimierst Geschäftsprozesse mit BPMN 2.0 und moderierst Workshops zur Verbesserung der Zusammenarbeit und Innovationskraft im Team."
Softwareentwickler Python und Databricks,VERBUND AG,,"In dieser position entwickelst du eine Anwendung zur Messung und Steuerung von Großbatterien, arbeitest mit Azure Databricks sowie Python und implementierst zahlreiche Schnittstellen zur Datenplattform."
Support Engineer Managed Services,techbold network solutions GmbH,Ab 34k €,"In dieser Rolle überwachst du IT-Systeme, bearbeitest Alarmmeldungen in den Bereichen Backup und Monitoring und führst regelmäßige Wartungsarbeiten an Servern und Netzwerken durch."
Chief Product Owner CRM Services,REWE Group Österreich,Ab 85k €,"In dieser Position führst du Product Teams, um modulare CRM-Anwendungen zu entwickeln, die den operativen Einheiten helfen, dabei entwickelst du strategische Roadmaps und optimierst loyale Kundenprojekte."
Business Intelligence Project & Analytics Engineer,Porsche Holding GmbH,Ab 55k €,"In dieser Position erstellst und optimierst du BI-Lösungen, verwaltest ETL-Prozesse und baust Datenmodelle in Power BI auf, während du eng mit Stakeholdern zusammenarbeitest und Anforderungen in technische Lösungen umsetzt."
Senior Cyber Security Specialist,BAWAG P.S.K.,Ab 46k €,"In dieser Rolle analysierst du sicherheitsrelevante Events, koordinierst Incident-Response-Maßnahmen, entwickelst Security-Technologien weiter und führst proaktive Bedrohungssuchen durch, um potenzielle Risiken zu identifizieren."
Product Owner Softwareentwicklung,APA-IT Informations Technologie GmbH,,"In dieser Rolle entwickelst du gemeinsam mit Kund:innen Story Maps und User Stories, pflegst das Produkt-Backlog und unterstützt dein agiles Entwicklungsteam im gesamten Softwareentwicklungsprozess."
Data Engineering Specialist,Siemens Personaldienstleistungen GmbH,Ab 55k €,In dieser Position entwickelst du Datenpipelines und Modelle mit Snowflake und dbt und optimierst ETL-/ELT-Prozesse sowie Datenvisualisierungen in Power BI für KI-gestützte Analysen.
Junior Softwareentwickler,Siemens Personaldienstleistungen GmbH,,"In dieser Rolle entwickelst du Software in Python sowie C/C++/C#, pflegst Testframeworks, implementierst Testautomatisierungslösungen und arbeitest eng mit anderen Teams an der Qualitätssicherung."
Customer Service Engineer für Healthcare IT Lösungen,Siemens Personaldienstleistungen GmbH,Ab 47k €,"In dieser Rolle bearbeitest du Störmeldungen und Anfragen im Healthcare-Bereich, führst Fehleranalysen durch, koordinierst mit internen und externen Partnern und unterstützt bei der Implementierung medizinischer Software in Kliniken."
MS Dynamics Specialist,Siemens Personaldienstleistungen GmbH,Ab 53k €,"In dieser Rolle betreust du MS Dynamics 365 Applikationen, entwickelst Anpassungen für verschiedene Teams, automatisierst Prozesse mit Logic Apps und erstellst Reports in Power BI, während du das System technisch unterstützt."
Cyber Security Engineer,Siemens Personaldienstleistungen GmbH,Ab 55k €,In dieser Rolle begleitest du Kundenprojekte von der Planung bis zur Umsetzung sicherer Netzwerk- und Serverinfrastrukturen und implementierst Maßnahmen zur Sicherstellung der IT-Sicherheit gemäß NIS2 und ISO 27001.
Cyber Security Coordinator,Siemens Personaldienstleistungen GmbH,Ab 55k €,"In dieser Position entwickelst du die Cyber-Security-Dokumentation weiter, begleitest interne Audits und pflegst das Cyber-Security-Portfolio, während du Kunden bei spezifischen Projekten unterstützt."
C++ Software Engineer,Snapchat,,"In diesem Job entwickelst du effiziente C++-Software für tragbare Geräte, integrierst Computer-Vision-Module mit Echtzeit-Performance, optimierst Algorithmen für Embedded-Hardware, erstellst Analyse-Tools und schreibst Tests."
Second Level Enterprise Support EMM MDM,Barcotec,Ab 49k €,"In diesem Job bearbeitest du Device‑Management‑Support: du analysierst und löst Anfragen remote, erstellst und deployest MDM‑Konfigurationen (z. B. Intune, SOTI), koordinierst mit Herstellern, überwachst Serverdienste und unterstützt Kollegen technisch."
IT Techniker,GeoSphere Austria,43k - 61k €,"Du betreust rund 550 Windows‑Clients, behebst Hard-/Softwareprobleme, erstellst und pflegst Softwarepakete sowie Patchmanagement, verwaltest Drucker, Printserver und AD‑Objekte, beschaffst Hardware/Lizenzen und führst ISO27001‑Doku."
Junior Digital IT Auditor,BDO Wien GmbH Wirtschaftsprüfungs- und Steuerberatungsgesell...,,"In diesem Job prüfst du Kontrollen in finanzrelevanten IT-Systemen und Geschäftsprozessen, führst IT-Systemprüfungen an ERP-Lösungen (z.B. SAP, MS Dynamics, BMD) durch, analysierst Daten mit SQL/Python, nutzt digitale Prüf-Tools und erstellst Prüfberichte."
Senior Software Test Engineer,Tricentis GmbH,Ab 54k €,"Du leitest die Qualitätsstrategie und Testautomation für ein cloud-basiertes Testtool, planst Tests, setzt Tosca- und CI/CD-Automatisierung um, führst funktionale, Performance- und explorative Tests durch und koordinierst Tests."
Senior ServiceNow Developer,Tricentis GmbH,Ab 54k €,"In diesem Job entwickelst du und betreibst ServiceNow-Anwendungen und Integrationen, nimmst Support-Anfragen auf, implementierst Workflows, Skripte und Chatbot/AI-Lösungen, automatisierst Prozesse und sicherst Codequalität."
Machine Learning Platform Engineer,Snapchat,,"In dieser Rolle entwickelst und betreibst du die Machine‑Learning‑Plattform für on‑device‑Modelle: du implementierst skalierbare Daten- und Trainingspipelines, automatisierst CI/CD, Quantisierung, Tests, Deployment und Monitoring."
Computer Vision Engineer SLAM,Snapchat,,"In diesem Job entwickelst du robuste SLAM- und Tracking-Algorithmen, implementierst in C++ effiziente 3D-Rekonstruktion und Kamerakalibrierung, verbesserst nichtlineare Optimierung und Kalman-Filter und integrierst Echtzeit-AR-Erkennungen."
Embedded Engineer Operating System,Snapchat,,"In diesem Job entwickelst und integrierst du Embedded-Software auf ARM-basierten Geräten, entwirfst BSP- und OS-Komponenten, optimierst Kernel-, Speicher- und I/O-Module, debugst Systemfehler und führst Code- und Design-Reviews."
C++ Software Engineer,Snapchat,,"In diesem Job entwickelst du in einem kleinen Team effiziente C++-Software für Wearables, integrierst Computer-Vision-Module mit Echtzeit-Performance, optimierst Embedded-Algorithmen, schreibst Tests und Analysetools."
Software Engineer C++ Calibration,Snapchat,,"In diesem Job entwickelst du in C++ latenzoptimierte Algorithmen, baust und automatisierst Teststationen mit Hochgeschwindigkeitskameras und Robotern, arbeitest mit CV-/Mechanik-Teams und optimierst Leistung und Energieverbrauch."
Devops Engineer,efinio AG,63k - 63k €,"In diesem Job entwickelst und automatisierst du Deployment‑Prozesse in Linux‑Umgebungen, pflegst CI/CD‑Pipelines, setzt Automatisierung mit Ansible/Puppet um, skriptest in Bash/Python, richtest Monitoring ein und behebst Systemfehler."
Software Test Engineer SAP,Grüner IT-Consulting GmbH & Co KG,,"In diesem Job planst und erstellst du Testfälle und Testszenarien für SAP-Systeme, führst funktionale Tests und Datenmassenvergleiche durch, analysierst Abweichungen, dokumentierst Ergebnisse und steuerst Defect-Management."
Salesforce Administrator,Edenred Austria GmbH,,"Du planst und implementierst Salesforce-Features, konfigurierst Workflows/Flows, erstellst Dashboards und Reports, analysierst Daten, optimierst Sales-, Partner- und Customer-Prozesse, steuerst Projekte und betreust Anwender."
IT System Administrator,E-Control,Ab 53k €,"In diesem Job administrierst und weiterentwickelst du Windows-Server- und Virtualisierungsumgebungen, rollst Clients und Software aus, automatisierst Prozesse mit PowerShell, bearbeitest 2nd-Level-Tickets und dokumentierst Systeme."
